{
  "providers": [
    {
      "type": "bitmap",
      "file": "mydatapack:font/superadmin.png",
      "ascent": 7,
      "height": 8,
      "chars": [
        ""
      ]
    },
    {
      "type": "bitmap",
      "file": "mydatapack:font/mod.png",
      "ascent": 7,
      "height": 8,
      "chars": [
        ""
      ]
    },
    {
      "type": "bitmap",
      "file": "mydatapack:font/admin_icon.png",
      "ascent": 7,
      "height": 8,
      "chars": [
        ""
      ]
    },
    {
      "type": "bitmap",
      "file": "mydatapack:font/dresseur.png",
      "ascent": 7,
      "height": 8,
      "chars": [
        ""
      ]
    }
  ]
}