{
  "providers": [
    {
      "type": "bitmap",
      "file": "mydatapack:font/superadmin.png",
      "ascent": 7,
      "height": 8,
      "chars": ["\uE000"]
    },
    {
      "type": "bitmap",
      "file": "mydatapack:font/admin.png",
      "ascent": 7,
      "height": 8,
      "chars": ["\uE001"]
    },
    {
      "type": "bitmap",
      "file": "mydatapack:font/dresseur.png",
      "ascent": 7,
      "height": 8,
      "chars": ["\uE002"]
    },
    {
      "type": "bitmap",
      "file": "mydatapack:font/acier.png",
      "ascent": 7,
      "height": 8,
      "chars": ["\uE003"]
    },
    {
      "type": "bitmap",
      "file": "mydatapack:font/combat.png",
      "ascent": 7,
      "height": 8,
      "chars": ["\uE004"]
    },
    {
      "type": "bitmap",
      "file": "mydatapack:font/dragon.png",
      "ascent": 7,
      "height": 8,
      "chars": ["\uE005"]
    },
    {
      "type": "bitmap",
      "file": "mydatapack:font/eau.png",
      "ascent": 7,
      "height": 8,
      "chars": ["\uE006"]
    },
    {
      "type": "bitmap",
      "file": "mydatapack:font/electrique.png",
      "ascent": 7,
      "height": 8,
      "chars": ["\uE007"]
    },
    {
      "type": "bitmap",
      "file": "mydatapack:font/fee.png",
      "ascent": 7,
      "height": 8,
      "chars": ["\uE008"]
    },
    {
      "type": "bitmap",
      "file": "mydatapack:font/feu.png",
      "ascent": 7,
      "height": 8,
      "chars": ["\uE009"]
    },
    {
      "type": "bitmap",
      "file": "mydatapack:font/glace.png",
      "ascent": 7,
      "height": 8,
      "chars": ["\uE00A"]
    },
    {
      "type": "bitmap",
      "file": "mydatapack:font/insecte.png",
      "ascent": 7,
      "height": 8,
      "chars": ["\uE00B"]
    },
    {
      "type": "bitmap",
      "file": "mydatapack:font/normal.png",
      "ascent": 7,
      "height": 8,
      "chars": ["\uE00C"]
    },
    {
      "type": "bitmap",
      "file": "mydatapack:font/plante.png",
      "ascent": 7,
      "height": 8,
      "chars": ["\uE00D"]
    },
    {
      "type": "bitmap",
      "file": "mydatapack:font/psy.png",
      "ascent": 7,
      "height": 8,
      "chars": ["\uE00E"]
    },
    {
      "type": "bitmap",
      "file": "mydatapack:font/roche.png",
      "ascent": 7,
      "height": 8,
      "chars": ["\uE00F"]
    },
    {
      "type": "bitmap",
      "file": "mydatapack:font/sol.png",
      "ascent": 7,
      "height": 8,
      "chars": ["\uE010"]
    },
    {
      "type": "bitmap",
      "file": "mydatapack:font/spectre.png",
      "ascent": 7,
      "height": 8,
      "chars": ["\uE011"]
    },
    {
      "type": "bitmap",
      "file": "mydatapack:font/tenebre.png",
      "ascent": 7,
      "height": 8,
      "chars": ["\uE012"]
    },
    {
      "type": "bitmap",
      "file": "mydatapack:font/vol.png",
      "ascent": 7,
      "height": 8,
      "chars": ["\uE013"]
    },
    {
      "type": "bitmap",
      "file": "mydatapack:font/freaky.png",
      "ascent": 7,
      "height": 8,
      "chars": ["\uE014"]
    }
  ]
}
