{
  "providers": [
    {
      "type": "bitmap",
      "file": "mydatapack:font/superadmin.png",
      "ascent": 7,
      "height": 8,
      "chars": ["®"]
    },
    {
      "type": "bitmap",
      "file": "mydatapack:font/admin_icon.png",
      "ascent": 7,
      "height": 8,
      "chars": ["¤"]
    },
    {
      "type": "bitmap",
      "file": "mydatapack:font/mod.png",
      "ascent": 7,
      "height": 8,
      "chars": ["ω"]
    },
    {
      "type": "bitmap",
      "file": "mydatapack:font/dresseur.png",
      "ascent": 7,
      "height": 8,
      "chars": ["■"]
    },
    {
      "type": "bitmap",
      "file": "mydatapack:font/feu.png",
      "ascent": 7,
      "height": 8,
      "chars": ["♠"]
    },
    {
      "type": "bitmap",
      "file": "mydatapack:font/eau.png",
      "ascent": 7,
      "height": 8,
      "chars": ["\uE005"]
    },
    {
      "type": "bitmap",
      "file": "mydatapack:font/plante.png",
      "ascent": 7,
      "height": 8,
      "chars": ["♣"]
    },
    {
      "type": "bitmap",
      "file": "mydatapack:font/combat.png",
      "ascent": 7,
      "height": 8,
      "chars": ["♥"]
    },
    {
      "type": "bitmap",
      "file": "mydatapack:font/elecpng.png",
      "ascent": 7,
      "height": 8,
      "chars": ["♦"]
    },
    {
      "type": "bitmap",
      "file": "mydatapack:font/tenebre.png",
      "ascent": 7,
      "height": 8,
      "chars": ["♫"]
    }
  ]
}