{
  "providers": [
    {
      "type": "bitmap",
      "file": "mydatapack:font/superadmin.png",
      "ascent": 7,
      "height": 8,
      "chars": ["\uE000"]
    },
    {
      "type": "bitmap",
      "file": "mydatapack:font/mod.png",
      "ascent": 7,
      "height": 8,
      "chars": ["\uE001"]
    },
    {
      "type": "bitmap",
      "file": "mydatapack:font/admin_icon.png",
      "ascent": 7,
      "height": 8,
      "chars": ["\uE002"]
    },
    {
      "type": "bitmap",
      "file": "mydatapack:font/dresseur.png",
      "ascent": 7,
      "height": 8,
      "chars": ["\uE003"]
    }
  ]
}